 Block, Condition,Box,Scrambled_Words
,,,/Stimuli/Scrambled/Slide91S0.JPG
,,,/Stimuli/Scrambled/Slide127S0.JPG
,,,/Stimuli/Scrambled/Slide197S0.JPG
,,,/Stimuli/Scrambled/Slide36S0.JPG
,,,/Stimuli/Scrambled/Slide66S0.JPG
,,,/Stimuli/Scrambled/Slide131S0.JPG
,,,/Stimuli/Scrambled/Slide81S0.JPG
,,,/Stimuli/Scrambled/Slide143S0.JPG
,,,/Stimuli/Scrambled/Slide120S0.JPG
,,,/Stimuli/Scrambled/Slide48S0.JPG
,,,/Stimuli/Scrambled/Slide163S0.JPG
,,,/Stimuli/Scrambled/Slide62S0.JPG
,,,/Stimuli/Scrambled/Slide186S0.JPG
,,,/Stimuli/Scrambled/Slide58S0.JPG
,,,/Stimuli/Scrambled/Slide201S0.JPG
,,,/Stimuli/Scrambled/Slide175S0.JPG
, E,,/Stimuli/Scrambled/Slide110S0.JPG
,,,/Stimuli/Scrambled/Slide85S0.JPG
,,,/Stimuli/Scrambled/Slide77S0.JPG
,,,/Stimuli/Scrambled/Slide185S0.JPG
,,,/Stimuli/Scrambled/Slide209S0.JPG
,,,/Stimuli/Scrambled/Slide159S0.JPG
,,,/Stimuli/Scrambled/Slide46S0.JPG
,,,/Stimuli/Scrambled/Slide190S0.JPG
,,,/Stimuli/Scrambled/Slide5S0.JPG
,,,/Stimuli/Scrambled/Slide199S0.JPG
,,,/Stimuli/Scrambled/Slide220S0.JPG
,,,/Stimuli/Scrambled/Slide18S0.JPG
,,,/Stimuli/Scrambled/Slide151S0.JPG
,,,/Stimuli/Scrambled/Slide153S0.JPG
,,,/Stimuli/Scrambled/Slide82S0.JPG
1, E,/rectangle2.png,/Stimuli/Scrambled/Slide101S0.JPG
,,,/Stimuli/Scrambled/Slide144S0.JPG
, S,,/Stimuli/Scrambled/Slide115S0.JPG
,,,/Stimuli/Scrambled/Slide95S0.JPG
,,,/Stimuli/Scrambled/Slide194S0.JPG
,,,/Stimuli/Scrambled/Slide149S0.JPG
,,,/Stimuli/Scrambled/Slide169S0.JPG
,,,/Stimuli/Scrambled/Slide124S0.JPG
1, E,,/Stimuli/Scrambled/Slide105S0.JPG
,,,/Stimuli/Scrambled/Slide97S0.JPG
1, S,,/Stimuli/Scrambled/Slide106S0.JPG
,,,/Stimuli/Scrambled/Slide35S0.JPG
,,,/Stimuli/Scrambled/Slide40S0.JPG
,,,/Stimuli/Scrambled/Slide69S0.JPG
,,,/Stimuli/Scrambled/Slide212S0.JPG
,,,/Stimuli/Scrambled/Slide170S0.JPG
,,,/Stimuli/Scrambled/Slide187S0.JPG
,,,/Stimuli/Scrambled/Slide140S0.JPG
,,,/Stimuli/Scrambled/Slide214S0.JPG
,,,/Stimuli/Scrambled/Slide88S0.JPG
,,,/Stimuli/Scrambled/Slide54S0.JPG
,,,/Stimuli/Scrambled/Slide92S0.JPG
,,,/Stimuli/Scrambled/Slide207S0.JPG
,,,/Stimuli/Scrambled/Slide204S0.JPG
,,,/Stimuli/Scrambled/Slide178S0.JPG
1, E,,/Stimuli/Scrambled/Slide107S0.JPG
,,,/Stimuli/Scrambled/Slide28S0.JPG
,,,/Stimuli/Scrambled/Slide210S0.JPG
,,,/Stimuli/Scrambled/Slide215S0.JPG
,,,/Stimuli/Scrambled/Slide89S0.JPG
,,,/Stimuli/Scrambled/Slide213S0.JPG
,,,/Stimuli/Scrambled/Slide125S0.JPG
,,,/Stimuli/Scrambled/Slide166S0.JPG
,,,/Stimuli/Scrambled/Slide79S0.JPG
,,,/Stimuli/Scrambled/Slide24S0.JPG
,,,/Stimuli/Scrambled/Slide154S0.JPG
,,,/Stimuli/Scrambled/Slide189S0.JPG
,,,/Stimuli/Scrambled/Slide216S0.JPG
1, S,/rectangle1.png,/Stimuli/Scrambled/Slide100S0.JPG
,,,/Stimuli/Scrambled/Slide68S0.JPG
,,,/Stimuli/Scrambled/Slide203S0.JPG
,,,/Stimuli/Scrambled/Slide4S0.JPG
,,,/Stimuli/Scrambled/Slide222S0.JPG
,,,/Stimuli/Scrambled/Slide60S0.JPG
,,,/Stimuli/Scrambled/Slide27S0.JPG
,,,/Stimuli/Scrambled/Slide57S0.JPG
,,,/Stimuli/Scrambled/Slide217S0.JPG
,,,/Stimuli/Scrambled/Slide3S0.JPG
,,,/Stimuli/Scrambled/Slide123S0.JPG
,,,/Stimuli/Scrambled/Slide33S0.JPG
,,,/Stimuli/Scrambled/Slide171S0.JPG
,,,/Stimuli/Scrambled/Slide157S0.JPG
,,,/Stimuli/Scrambled/Slide76S0.JPG
,,,/Stimuli/Scrambled/Slide7S0.JPG
,,,/Stimuli/Scrambled/Slide30S0.JPG
,,,/Stimuli/Scrambled/Slide44S0.JPG
,,,/Stimuli/Scrambled/Slide174S0.JPG
,,,/Stimuli/Scrambled/Slide191S0.JPG
,,,/Stimuli/Scrambled/Slide206S0.JPG
,,,/Stimuli/Scrambled/Slide1S0.JPG
,,,/Stimuli/Scrambled/Slide73S0.JPG
,,,/Stimuli/Scrambled/Slide182S0.JPG
,,,/Stimuli/Scrambled/Slide146S0.JPG
,,,/Stimuli/Scrambled/Slide75S0.JPG
,,,/Stimuli/Scrambled/Slide87S0.JPG
,,,/Stimuli/Scrambled/Slide15S0.JPG
,,,/Stimuli/Scrambled/Slide162S0.JPG
,,,/Stimuli/Scrambled/Slide122S0.JPG
1, S,/rectangle3.png,/Stimuli/Scrambled/Slide102S0.JPG
,,,/Stimuli/Scrambled/Slide136S0.JPG
,,,/Stimuli/Scrambled/Slide128S0.JPG
,,,/Stimuli/Scrambled/Slide168S0.JPG
,,,/Stimuli/Scrambled/Slide26S0.JPG
,,,/Stimuli/Scrambled/Slide218S0.JPG
,,,/Stimuli/Scrambled/Slide150S0.JPG
,,,/Stimuli/Scrambled/Slide11S0.JPG
1, S,,/Stimuli/Scrambled/Slide108S0.JPG
,,,/Stimuli/Scrambled/Slide138S0.JPG
,,,/Stimuli/Scrambled/Slide180S0.JPG
