Go, Nogo, Block, Condition,Box,GoImg,NoGoImg,Scrambled_Words,Scrambled_Pictures
tower,ant,1, S,/rectangle1.png,/Stimuli/ManMade/accordion01.jpg,/Stimuli/Animals/africanelephant.jpg,/Stimuli/Scrambled/Slide100S0.JPG,/Stimuli/Scrambled/accordion01S0.jpg
axe,armadillo,1, E,/rectangle2.png,/Stimuli/ManMade/acousticguitar02.jpg,/Stimuli/Animals/alligator.jpg,/Stimuli/Scrambled/Slide101S0.JPG,/Stimuli/Scrambled/acornS0.jpg
car,beaver,1, S,/rectangle3.png,/Stimuli/ManMade/apron.jpg,/Stimuli/Animals/ant.jpg,/Stimuli/Scrambled/Slide102S0.JPG,/Stimuli/Scrambled/acousticguitar02S0.jpg
aeroplane,bee,1, E,,/Stimuli/ManMade/arrow02.jpg,/Stimuli/Animals/armadillo.jpg,/Stimuli/Scrambled/Slide103S0.JPG,/Stimuli/Scrambled/africanelephantS0.jpg
crown,bird,1, S,,/Stimuli/ManMade/athleticsock.jpg,/Stimuli/Animals/beaver.jpg,/Stimuli/Scrambled/Slide104S0.JPG,/Stimuli/Scrambled/alligatorS0.jpg
tap,butterfly,1, E,,/Stimuli/ManMade/balcony02.jpg,/Stimuli/Animals/cat.jpg,/Stimuli/Scrambled/Slide105S0.JPG,/Stimuli/Scrambled/antS0.jpg
tractor,camel,1, S,,/Stimuli/ManMade/banjo.jpg,/Stimuli/Animals/cobra.jpg,/Stimuli/Scrambled/Slide106S0.JPG,/Stimuli/Scrambled/apronS0.jpg
grill,cat,1, E,,/Stimuli/ManMade/barbecue03.jpg,/Stimuli/Animals/cow.jpg,/Stimuli/Scrambled/Slide107S0.JPG,/Stimuli/Scrambled/armadilloS0.jpg
lantern,chicken,1, S,,/Stimuli/ManMade/barn.jpg,/Stimuli/Animals/crab01.jpg,/Stimuli/Scrambled/Slide108S0.JPG,/Stimuli/Scrambled/arrow02S0.jpg
marble,cow,1, E,,/Stimuli/ManMade/barrel01.jpg,/Stimuli/Animals/dalmatian.jpg,/Stimuli/Scrambled/Slide109S0.JPG,/Stimuli/Scrambled/athleticsockS0.jpg
mask,crab,, S,,/Stimuli/ManMade/basketball01.jpg,/Stimuli/Animals/dolphin01.jpg,/Stimuli/Scrambled/Slide10S0.JPG,/Stimuli/Scrambled/balcony02S0.jpg
sink,crocodile,, E,,/Stimuli/ManMade/battleaxe.jpg,/Stimuli/Animals/dromedary.jpg,/Stimuli/Scrambled/Slide110S0.JPG,/Stimuli/Scrambled/banjoS0.jpg
statue,dalmatian,, S,,/Stimuli/ManMade/beachumbrella01.jpg,/Stimuli/Animals/giraffe.jpg,/Stimuli/Scrambled/Slide111S0.JPG,/Stimuli/Scrambled/barbecue03S0.jpg
belt,dolphin,, E,,/Stimuli/ManMade/bench01.jpg,/Stimuli/Animals/greathornowl.jpg,/Stimuli/Scrambled/Slide112S0.JPG,/Stimuli/Scrambled/barnS0.jpg
shorts,elephant,, S,,/Stimuli/ManMade/beret01.jpg,/Stimuli/Animals/greatwhiteshark.jpg,/Stimuli/Scrambled/Slide113S0.JPG,/Stimuli/Scrambled/barrel01S0.jpg
trophy,fish,, E,,/Stimuli/ManMade/bicycle.jpg,/Stimuli/Animals/hen.jpg,/Stimuli/Scrambled/Slide114S0.JPG,/Stimuli/Scrambled/basketball01S0.jpg
accordion,frog,, S,,/Stimuli/ManMade/bikewheel.jpg,/Stimuli/Animals/hippopotamus.jpg,/Stimuli/Scrambled/Slide115S0.JPG,/Stimuli/Scrambled/batS0.jpg
anchor,giraffe,, E,,/Stimuli/ManMade/blender.jpg,/Stimuli/Animals/holdfast.jpg,/Stimuli/Scrambled/Slide116S0.JPG,/Stimuli/Scrambled/battleaxeS0.jpg
apron,hippo,,,,/Stimuli/ManMade/bolt01a.jpg,/Stimuli/Animals/honeybee.jpg,/Stimuli/Scrambled/Slide117S0.JPG,/Stimuli/Scrambled/beachumbrella01S0.jpg
armour,horse,,,,/Stimuli/ManMade/bookshelf.jpg,/Stimuli/Animals/horse.jpg,/Stimuli/Scrambled/Slide118S0.JPG,/Stimuli/Scrambled/beaverS0.jpg
arrow,jellyfish,,,,/Stimuli/ManMade/bow.jpg,/Stimuli/Animals/jackrabbit.jpg,/Stimuli/Scrambled/Slide119S0.JPG,/Stimuli/Scrambled/bench01S0.jpg
balcony,kangaroo,,,,/Stimuli/ManMade/boxtrailer.jpg,/Stimuli/Animals/jellyfish.jpg,/Stimuli/Scrambled/Slide11S0.JPG,/Stimuli/Scrambled/beret01S0.jpg
banjo,ladybird,,,,/Stimuli/ManMade/boxtruck.jpg,/Stimuli/Animals/kangaroo.jpg,/Stimuli/Scrambled/Slide120S0.JPG,/Stimuli/Scrambled/bicycleS0.jpg
barbecue,lion,,,,/Stimuli/ManMade/bridge.jpg,/Stimuli/Animals/ladybug03.jpg,/Stimuli/Scrambled/Slide121S0.JPG,/Stimuli/Scrambled/bikewheelS0.jpg
barn,moose,,,,/Stimuli/ManMade/bulldozer.jpg,/Stimuli/Animals/lion.jpg,/Stimuli/Scrambled/Slide122S0.JPG,/Stimuli/Scrambled/blenderS0.jpg
barrel,ostrich,,,,/Stimuli/ManMade/bullet.jpg,/Stimuli/Animals/monarchbutterfly.jpg,/Stimuli/Scrambled/Slide123S0.JPG,/Stimuli/Scrambled/bolt01aS0.jpg
basketball,owl,,,,/Stimuli/ManMade/buoy.jpg,/Stimuli/Animals/moose.jpg,/Stimuli/Scrambled/Slide124S0.JPG,/Stimuli/Scrambled/bookshelfS0.jpg
bell,panda,,,,/Stimuli/ManMade/bus.jpg,/Stimuli/Animals/ostrich.jpg,/Stimuli/Scrambled/Slide125S0.JPG,/Stimuli/Scrambled/bowS0.jpg
bench,parrot,,,,/Stimuli/ManMade/calendar.jpg,/Stimuli/Animals/panda.jpg,/Stimuli/Scrambled/Slide126S0.JPG,/Stimuli/Scrambled/boxtrailerS0.jpg
beret,peacock,,,,/Stimuli/ManMade/callbell.jpg,/Stimuli/Animals/parrot01.jpg,/Stimuli/Scrambled/Slide127S0.JPG,/Stimuli/Scrambled/boxtruckS0.jpg
bike,pig,,,,/Stimuli/ManMade/cannon.jpg,/Stimuli/Animals/peacock.jpg,/Stimuli/Scrambled/Slide128S0.JPG,/Stimuli/Scrambled/bridgeS0.jpg
bin,pigeon,,,,/Stimuli/ManMade/canoepaddle02.jpg,/Stimuli/Animals/pig.jpg,/Stimuli/Scrambled/Slide129S0.JPG,/Stimuli/Scrambled/bulldozerS0.jpg
blender,platypus,,,,/Stimuli/ManMade/car.jpg,/Stimuli/Animals/pigeon.jpg,/Stimuli/Scrambled/Slide12S0.JPG,/Stimuli/Scrambled/bulletS0.jpg
boat,porcupine,,,,/Stimuli/ManMade/cello.jpg,/Stimuli/Animals/platypus.jpg,/Stimuli/Scrambled/Slide130S0.JPG,/Stimuli/Scrambled/buoyS0.jpg
bolt,rabbit,,,,/Stimuli/ManMade/cessna.jpg,/Stimuli/Animals/porcupine.jpg,/Stimuli/Scrambled/Slide131S0.JPG,/Stimuli/Scrambled/busS0.jpg
bookshelf,raccoon,,,,/Stimuli/ManMade/chainsaw.jpg,/Stimuli/Animals/raccoon.jpg,/Stimuli/Scrambled/Slide132S0.JPG,/Stimuli/Scrambled/calendarS0.jpg
bow,rhinoceros,,,,/Stimuli/ManMade/chandelier.jpg,/Stimuli/Animals/rhinoceros02.jpg,/Stimuli/Scrambled/Slide133S0.JPG,/Stimuli/Scrambled/callbellS0.jpg
bowl,rooster,,,,/Stimuli/ManMade/chimney.jpg,/Stimuli/Animals/rooster.jpg,/Stimuli/Scrambled/Slide134S0.JPG,/Stimuli/Scrambled/cannonS0.jpg
box,scorpion,,,,/Stimuli/ManMade/congadrum.jpg,/Stimuli/Animals/sapsucker.jpg,/Stimuli/Scrambled/Slide135S0.JPG,/Stimuli/Scrambled/canoepaddle02S0.jpg
bridge,shark,,,,/Stimuli/ManMade/contactlens.jpg,/Stimuli/Animals/scorpion.jpg,/Stimuli/Scrambled/Slide136S0.JPG,/Stimuli/Scrambled/carS0.jpg
bulldozer,sheep,,,,/Stimuli/ManMade/cookingpot.jpg,/Stimuli/Animals/sheep.jpg,/Stimuli/Scrambled/Slide137S0.JPG,/Stimuli/Scrambled/catS0.jpg
bullet,skunk,,,,/Stimuli/ManMade/cork02.jpg,/Stimuli/Animals/skunk.jpg,/Stimuli/Scrambled/Slide138S0.JPG,/Stimuli/Scrambled/celloS0.jpg
buoy,slug,,,,/Stimuli/ManMade/couch02.jpg,/Stimuli/Animals/slug.jpg,/Stimuli/Scrambled/Slide139S0.JPG,/Stimuli/Scrambled/cessnaS0.jpg
bus,snake,,,,/Stimuli/ManMade/cowbell.jpg,/Stimuli/Animals/squid.jpg,/Stimuli/Scrambled/Slide13S0.JPG,/Stimuli/Scrambled/chainsawS0.jpg
calendar,squid,,,,/Stimuli/ManMade/crosscountryboot.jpg,/Stimuli/Animals/squirrel.jpg,/Stimuli/Scrambled/Slide140S0.JPG,/Stimuli/Scrambled/chandelierS0.jpg
camera,squirrel,,,,/Stimuli/ManMade/crosscountryski.jpg,/Stimuli/Animals/tarantula.jpg,/Stimuli/Scrambled/Slide141S0.JPG,/Stimuli/Scrambled/chimneyS0.jpg
cannon,tarantula,,,,/Stimuli/ManMade/crown.jpg,/Stimuli/Animals/tiger02.jpg,/Stimuli/Scrambled/Slide142S0.JPG,/Stimuli/Scrambled/cobraS0.jpg
cello,tiger,,,,/Stimuli/ManMade/desktopcomputer.jpg,/Stimuli/Animals/toad.jpg,/Stimuli/Scrambled/Slide143S0.JPG,/Stimuli/Scrambled/congadrumS0.jpg
chainsaw,turtle,,,,/Stimuli/ManMade/doormat.jpg,/Stimuli/Animals/tortoise01.jpg,/Stimuli/Scrambled/Slide144S0.JPG,/Stimuli/Scrambled/contactlensS0.jpg
chandelier,vulture,,,,/Stimuli/ManMade/doubledoors.jpg,/Stimuli/Animals/vulture.jpg,/Stimuli/Scrambled/Slide145S0.JPG,/Stimuli/Scrambled/cookingpotS0.jpg
chimney,zebra,,,,/Stimuli/ManMade/dresser02.jpg,/Stimuli/Animals/zebra.jpg,/Stimuli/Scrambled/Slide146S0.JPG,/Stimuli/Scrambled/cork02S0.jpg
clock,,,,,/Stimuli/ManMade/entrancegate.jpg,,/Stimuli/Scrambled/Slide147S0.JPG,/Stimuli/Scrambled/couch02S0.jpg
compass,,,,,/Stimuli/ManMade/escalator.jpg,,/Stimuli/Scrambled/Slide148S0.JPG,/Stimuli/Scrambled/cowbellS0.jpg
computer,,,,,/Stimuli/ManMade/fanheater.jpg,,/Stimuli/Scrambled/Slide149S0.JPG,/Stimuli/Scrambled/cowS0.jpg
cork,,,,,/Stimuli/ManMade/faucet.jpg,,/Stimuli/Scrambled/Slide14S0.JPG,/Stimuli/Scrambled/crab01S0.jpg
couch,,,,,/Stimuli/ManMade/ferry.jpg,,/Stimuli/Scrambled/Slide150S0.JPG,/Stimuli/Scrambled/crosscountrybootS0.jpg
doors,,,,,/Stimuli/ManMade/file.jpg,,/Stimuli/Scrambled/Slide151S0.JPG,/Stimuli/Scrambled/crosscountryskiS0.jpg
dresser,,,,,/Stimuli/ManMade/fireplace.jpg,,/Stimuli/Scrambled/Slide152S0.JPG,/Stimuli/Scrambled/crownS0.jpg
drum,,,,,/Stimuli/ManMade/floorlamp.jpg,,/Stimuli/Scrambled/Slide153S0.JPG,/Stimuli/Scrambled/dalmatianS0.jpg
escalator,,,,,/Stimuli/ManMade/floortile02.jpg,,/Stimuli/Scrambled/Slide154S0.JPG,/Stimuli/Scrambled/desktopcomputerS0.jpg
fan,,,,,/Stimuli/ManMade/fridge.jpg,,/Stimuli/Scrambled/Slide155S0.JPG,/Stimuli/Scrambled/dolphin01S0.jpg
fence,,,,,/Stimuli/ManMade/frisbee.jpg,,/Stimuli/Scrambled/Slide156S0.JPG,/Stimuli/Scrambled/doormatS0.jpg
ferry,,,,,/Stimuli/ManMade/funnel.jpg,,/Stimuli/Scrambled/Slide157S0.JPG,/Stimuli/Scrambled/doubledoorsS0.jpg
file,,,,,/Stimuli/ManMade/gardenutilityvehicle.jpg,,/Stimuli/Scrambled/Slide158S0.JPG,/Stimuli/Scrambled/dresser02S0.jpg
fireplace,,,,,/Stimuli/ManMade/gazebo.jpg,,/Stimuli/Scrambled/Slide159S0.JPG,/Stimuli/Scrambled/dromedaryS0.jpg
flask,,,,,/Stimuli/ManMade/gong.jpg,,/Stimuli/Scrambled/Slide15S0.JPG,/Stimuli/Scrambled/entrancegateS0.jpg
football,,,,,/Stimuli/ManMade/grandpiano.jpg,,/Stimuli/Scrambled/Slide160S0.JPG,/Stimuli/Scrambled/escalatorS0.jpg
fountain,,,,,/Stimuli/ManMade/handcuffs.jpg,,/Stimuli/Scrambled/Slide161S0.JPG,/Stimuli/Scrambled/fanheaterS0.jpg
fridge,,,,,/Stimuli/ManMade/harmonica.jpg,,/Stimuli/Scrambled/Slide162S0.JPG,/Stimuli/Scrambled/faucetS0.jpg
frisbee,,,,,/Stimuli/ManMade/headlight.jpg,,/Stimuli/Scrambled/Slide163S0.JPG,/Stimuli/Scrambled/ferryS0.jpg
funnel,,,,,/Stimuli/ManMade/helicopter.jpg,,/Stimuli/Scrambled/Slide164S0.JPG,/Stimuli/Scrambled/fileS0.jpg
gate,,,,,/Stimuli/ManMade/hose.jpg,,/Stimuli/Scrambled/Slide165S0.JPG,/Stimuli/Scrambled/fireplaceS0.jpg
gazebo,,,,,/Stimuli/ManMade/ipad02.jpg,,/Stimuli/Scrambled/Slide166S0.JPG,/Stimuli/Scrambled/floorlampS0.jpg
gong,,,,,/Stimuli/ManMade/ipod.jpg,,/Stimuli/Scrambled/Slide167S0.JPG,/Stimuli/Scrambled/floortile02S0.jpg
guitar,,,,,/Stimuli/ManMade/jeans01.jpg,,/Stimuli/Scrambled/Slide168S0.JPG,/Stimuli/Scrambled/fridgeS0.jpg
gun,,,,,/Stimuli/ManMade/jeep.jpg,,/Stimuli/Scrambled/Slide169S0.JPG,/Stimuli/Scrambled/frisbeeS0.jpg
hammer,,,,,/Stimuli/ManMade/kalashnikov.jpg,,/Stimuli/Scrambled/Slide16S0.JPG,/Stimuli/Scrambled/funnelS0.jpg
handcuffs,,,,,/Stimuli/ManMade/key07.jpg,,/Stimuli/Scrambled/Slide170S0.JPG,/Stimuli/Scrambled/gardenutilityvehicleS0.jpg
harmonica,,,,,/Stimuli/ManMade/keyhole.jpg,,/Stimuli/Scrambled/Slide171S0.JPG,/Stimuli/Scrambled/gazeboS0.jpg
hat,,,,,/Stimuli/ManMade/kite.jpg,,/Stimuli/Scrambled/Slide172S0.JPG,/Stimuli/Scrambled/giraffeS0.jpg
headlight,,,,,/Stimuli/ManMade/knife03.jpg,,/Stimuli/Scrambled/Slide173S0.JPG,/Stimuli/Scrambled/gongS0.jpg
helicopter,,,,,/Stimuli/ManMade/ladder.jpg,,/Stimuli/Scrambled/Slide174S0.JPG,/Stimuli/Scrambled/grandpianoS0.jpg
helmet,,,,,/Stimuli/ManMade/lamppost01.jpg,,/Stimuli/Scrambled/Slide175S0.JPG,/Stimuli/Scrambled/greathornowlS0.jpg
hose,,,,,/Stimuli/ManMade/lantern03.jpg,,/Stimuli/Scrambled/Slide176S0.JPG,/Stimuli/Scrambled/greatwhitesharkS0.jpg
ipad,,,,,/Stimuli/ManMade/leafrake.jpg,,/Stimuli/Scrambled/Slide177S0.JPG,/Stimuli/Scrambled/handcuffsS0.jpg
iphone,,,,,/Stimuli/ManMade/lectern01.jpg,,/Stimuli/Scrambled/Slide178S0.JPG,/Stimuli/Scrambled/harmonicaS0.jpg
jeans,,,,,/Stimuli/ManMade/lighthouse.jpg,,/Stimuli/Scrambled/Slide179S0.JPG,/Stimuli/Scrambled/headlightS0.jpg
jeep,,,,,/Stimuli/ManMade/locker.jpg,,/Stimuli/Scrambled/Slide17S0.JPG,/Stimuli/Scrambled/helicopterS0.jpg
keyhole,,,,,/Stimuli/ManMade/machete.jpg,,/Stimuli/Scrambled/Slide180S0.JPG,/Stimuli/Scrambled/henS0.jpg
keys,,,,,/Stimuli/ManMade/magneticcompass.jpg,,/Stimuli/Scrambled/Slide181S0.JPG,/Stimuli/Scrambled/hippopotamusS0.jpg
kite,,,,,/Stimuli/ManMade/maraca01.jpg,,/Stimuli/Scrambled/Slide182S0.JPG,/Stimuli/Scrambled/holdfastS0.jpg
knife,,,,,/Stimuli/ManMade/marble.jpg,,/Stimuli/Scrambled/Slide183S0.JPG,/Stimuli/Scrambled/honeybeeS0.jpg
ladder,,,,,/Stimuli/ManMade/masquerademask01.jpg,,/Stimuli/Scrambled/Slide184S0.JPG,/Stimuli/Scrambled/horseS0.jpg
lamp,,,,,/Stimuli/ManMade/mattress.jpg,,/Stimuli/Scrambled/Slide185S0.JPG,/Stimuli/Scrambled/hoseS0.jpg
lamppost,,,,,/Stimuli/ManMade/microphone01.jpg,,/Stimuli/Scrambled/Slide186S0.JPG,/Stimuli/Scrambled/ipad02S0.jpg
lighthouse,,,,,/Stimuli/ManMade/microwave.jpg,,/Stimuli/Scrambled/Slide187S0.JPG,/Stimuli/Scrambled/ipodS0.jpg
lock,,,,,/Stimuli/ManMade/mirror02.jpg,,/Stimuli/Scrambled/Slide188S0.JPG,/Stimuli/Scrambled/jackrabbitS0.jpg
locker,,,,,/Stimuli/ManMade/morningstar.jpg,,/Stimuli/Scrambled/Slide189S0.JPG,/Stimuli/Scrambled/jeans01S0.jpg
mace,,,,,/Stimuli/ManMade/motorboat02.jpg,,/Stimuli/Scrambled/Slide18S0.JPG,/Stimuli/Scrambled/jeepS0.jpg
machete,,,,,/Stimuli/ManMade/motorcycle.jpg,,/Stimuli/Scrambled/Slide190S0.JPG,/Stimuli/Scrambled/jellyfishS0.jpg
map,,,,,/Stimuli/ManMade/mug05.jpg,,/Stimuli/Scrambled/Slide191S0.JPG,/Stimuli/Scrambled/kalashnikovS0.jpg
maraca,,,,,/Stimuli/ManMade/oven.jpg,,/Stimuli/Scrambled/Slide192S0.JPG,/Stimuli/Scrambled/kangarooS0.jpg
mattress,,,,,/Stimuli/ManMade/paninigrill.jpg,,/Stimuli/Scrambled/Slide193S0.JPG,/Stimuli/Scrambled/key07S0.jpg
microphone,,,,,/Stimuli/ManMade/parachute.jpg,,/Stimuli/Scrambled/Slide194S0.JPG,/Stimuli/Scrambled/keyholeS0.jpg
microwave,,,,,/Stimuli/ManMade/parkfountain.jpg,,/Stimuli/Scrambled/Slide195S0.JPG,/Stimuli/Scrambled/kiteS0.jpg
mirror,,,,,/Stimuli/ManMade/pilgrimhat.jpg,,/Stimuli/Scrambled/Slide196S0.JPG,/Stimuli/Scrambled/knife03S0.jpg
motorcycle,,,,,/Stimuli/ManMade/pillar.jpg,,/Stimuli/Scrambled/Slide197S0.JPG,/Stimuli/Scrambled/ladderS0.jpg
mug,,,,,/Stimuli/ManMade/pitchfork.jpg,,/Stimuli/Scrambled/Slide198S0.JPG,/Stimuli/Scrambled/ladybug03S0.jpg
paddle,,,,,/Stimuli/ManMade/record.jpg,,/Stimuli/Scrambled/Slide199S0.JPG,/Stimuli/Scrambled/lamppost01S0.jpg
parachute,,,,,/Stimuli/ManMade/recorder04.jpg,,/Stimuli/Scrambled/Slide19S0.JPG,/Stimuli/Scrambled/lantern03S0.jpg
piano,,,,,/Stimuli/ManMade/recyclingbin.jpg,,/Stimuli/Scrambled/Slide1S0.JPG,/Stimuli/Scrambled/leafrakeS0.jpg
pillar,,,,,/Stimuli/ManMade/revolver.jpg,,/Stimuli/Scrambled/Slide200S0.JPG,/Stimuli/Scrambled/lectern01S0.jpg
pitchfork,,,,,/Stimuli/ManMade/safe.jpg,,/Stimuli/Scrambled/Slide201S0.JPG,/Stimuli/Scrambled/lighthouseS0.jpg
podium,,,,,/Stimuli/ManMade/saxophone.jpg,,/Stimuli/Scrambled/Slide202S0.JPG,/Stimuli/Scrambled/lionS0.jpg
pot,,,,,/Stimuli/ManMade/scanner.jpg,,/Stimuli/Scrambled/Slide203S0.JPG,/Stimuli/Scrambled/lockerS0.jpg
rake,,,,,/Stimuli/ManMade/scooter.jpg,,/Stimuli/Scrambled/Slide204S0.JPG,/Stimuli/Scrambled/macheteS0.jpg
record,,,,,/Stimuli/ManMade/securitycamera.jpg,,/Stimuli/Scrambled/Slide205S0.JPG,/Stimuli/Scrambled/magneticcompassS0.jpg
recorder,,,,,/Stimuli/ManMade/servingspoon01.jpg,,/Stimuli/Scrambled/Slide206S0.JPG,/Stimuli/Scrambled/maraca01S0.jpg
rifle,,,,,/Stimuli/ManMade/shelf.jpg,,/Stimuli/Scrambled/Slide207S0.JPG,/Stimuli/Scrambled/marbleS0.jpg
rocket,,,,,/Stimuli/ManMade/shield02.jpg,,/Stimuli/Scrambled/Slide208S0.JPG,/Stimuli/Scrambled/masquerademask01S0.jpg
rug,,,,,/Stimuli/ManMade/shovel01.jpg,,/Stimuli/Scrambled/Slide209S0.JPG,/Stimuli/Scrambled/mattressS0.jpg
safe,,,,,/Stimuli/ManMade/sink.jpg,,/Stimuli/Scrambled/Slide20S0.JPG,/Stimuli/Scrambled/microphone01S0.jpg
saxophone,,,,,/Stimuli/ManMade/skateboard.jpg,,/Stimuli/Scrambled/Slide210S0.JPG,/Stimuli/Scrambled/microwaveS0.jpg
scanner,,,,,/Stimuli/ManMade/skihelmet01.jpg,,/Stimuli/Scrambled/Slide211S0.JPG,/Stimuli/Scrambled/mirror02S0.jpg
schoolbus,,,,,/Stimuli/ManMade/sledgehammer.jpg,,/Stimuli/Scrambled/Slide212S0.JPG,/Stimuli/Scrambled/monarchbutterflyS0.jpg
scooter,,,,,/Stimuli/ManMade/snowboard.jpg,,/Stimuli/Scrambled/Slide213S0.JPG,/Stimuli/Scrambled/mooseS0.jpg
shelf,,,,,/Stimuli/ManMade/snowman.jpg,,/Stimuli/Scrambled/Slide214S0.JPG,/Stimuli/Scrambled/morningstarS0.jpg
shield,,,,,/Stimuli/ManMade/soccerball.jpg,,/Stimuli/Scrambled/Slide215S0.JPG,/Stimuli/Scrambled/motorboat02S0.jpg
shoe,,,,,/Stimuli/ManMade/spacerocket.jpg,,/Stimuli/Scrambled/Slide216S0.JPG,/Stimuli/Scrambled/motorcycleS0.jpg
shovel,,,,,/Stimuli/ManMade/spear02.jpg,,/Stimuli/Scrambled/Slide217S0.JPG,/Stimuli/Scrambled/mug05S0.jpg
skateboard,,,,,/Stimuli/ManMade/stairs.jpg,,/Stimuli/Scrambled/Slide218S0.JPG,/Stimuli/Scrambled/ostrichS0.jpg
skis,,,,,/Stimuli/ManMade/statue.jpg,,/Stimuli/Scrambled/Slide219S0.JPG,/Stimuli/Scrambled/ovenS0.jpg
snowboard,,,,,/Stimuli/ManMade/stool01.jpg,,/Stimuli/Scrambled/Slide21S0.JPG,/Stimuli/Scrambled/pandaS0.jpg
snowman,,,,,/Stimuli/ManMade/strap.jpg,,/Stimuli/Scrambled/Slide220S0.JPG,/Stimuli/Scrambled/paninigrillS0.jpg
sock,,,,,/Stimuli/ManMade/stroller.jpg,,/Stimuli/Scrambled/Slide221S0.JPG,/Stimuli/Scrambled/parachuteS0.jpg
spear,,,,,/Stimuli/ManMade/stubbywrench01a.jpg,,/Stimuli/Scrambled/Slide222S0.JPG,/Stimuli/Scrambled/parkfountainS0.jpg
spoon,,,,,/Stimuli/ManMade/suitofarmor.jpg,,/Stimuli/Scrambled/Slide22S0.JPG,/Stimuli/Scrambled/parrot01S0.jpg
stairs,,,,,/Stimuli/ManMade/swimsuit.jpg,,/Stimuli/Scrambled/Slide23S0.JPG,/Stimuli/Scrambled/peacockS0.jpg
stool,,,,,/Stimuli/ManMade/swing.jpg,,/Stimuli/Scrambled/Slide24S0.JPG,/Stimuli/Scrambled/pigeonS0.jpg
stove,,,,,/Stimuli/ManMade/sword01.jpg,,/Stimuli/Scrambled/Slide25S0.JPG,/Stimuli/Scrambled/pigS0.jpg
buggy,,,,,/Stimuli/ManMade/table01.jpg,,/Stimuli/Scrambled/Slide26S0.JPG,/Stimuli/Scrambled/pilgrimhatS0.jpg
swing,,,,,/Stimuli/ManMade/tambourine03.jpg,,/Stimuli/Scrambled/Slide27S0.JPG,/Stimuli/Scrambled/pillarS0.jpg
sword,,,,,/Stimuli/ManMade/tank.jpg,,/Stimuli/Scrambled/Slide28S0.JPG,/Stimuli/Scrambled/pitchforkS0.jpg
table,,,,,/Stimuli/ManMade/telescope.jpg,,/Stimuli/Scrambled/Slide29S0.JPG,/Stimuli/Scrambled/platypusS0.jpg
tambourine,,,,,/Stimuli/ManMade/tent.jpg,,/Stimuli/Scrambled/Slide2S0.JPG,/Stimuli/Scrambled/porcupineS0.jpg
tank,,,,,/Stimuli/ManMade/tie02.jpg,,/Stimuli/Scrambled/Slide30S0.JPG,/Stimuli/Scrambled/raccoonS0.jpg
telescope,,,,,/Stimuli/ManMade/tire.jpg,,/Stimuli/Scrambled/Slide31S0.JPG,/Stimuli/Scrambled/recorder04S0.jpg
tent,,,,,/Stimuli/ManMade/tombstone.jpg,,/Stimuli/Scrambled/Slide32S0.JPG,/Stimuli/Scrambled/recordS0.jpg
tie,,,,,/Stimuli/ManMade/toolbox02.jpg,,/Stimuli/Scrambled/Slide33S0.JPG,/Stimuli/Scrambled/recyclingbinS0.jpg
tile,,,,,/Stimuli/ManMade/tower.jpg,,/Stimuli/Scrambled/Slide34S0.JPG,/Stimuli/Scrambled/revolverS0.jpg
tyre,,,,,/Stimuli/ManMade/trampoline.jpg,,/Stimuli/Scrambled/Slide35S0.JPG,/Stimuli/Scrambled/rhinoceros02S0.jpg
tombstone,,,,,/Stimuli/ManMade/treadmill.jpg,,/Stimuli/Scrambled/Slide36S0.JPG,/Stimuli/Scrambled/roosterS0.jpg
toolbox,,,,,/Stimuli/ManMade/tricycle.jpg,,/Stimuli/Scrambled/Slide37S0.JPG,/Stimuli/Scrambled/safeS0.jpg
trailer,,,,,/Stimuli/ManMade/trombone.jpg,,/Stimuli/Scrambled/Slide38S0.JPG,/Stimuli/Scrambled/sapsuckerS0.jpg
trampoline,,,,,/Stimuli/ManMade/trophy01.jpg,,/Stimuli/Scrambled/Slide39S0.JPG,/Stimuli/Scrambled/saxophoneS0.jpg
treadmill,,,,,/Stimuli/ManMade/trumpet.jpg,,/Stimuli/Scrambled/Slide3S0.JPG,/Stimuli/Scrambled/scannerS0.jpg
tricycle,,,,,/Stimuli/ManMade/tuba.jpg,,/Stimuli/Scrambled/Slide40S0.JPG,/Stimuli/Scrambled/scooterS0.jpg
trombone,,,,,/Stimuli/ManMade/turnstile.jpg,,/Stimuli/Scrambled/Slide41S0.JPG,/Stimuli/Scrambled/scorpionS0.jpg
truck,,,,,/Stimuli/ManMade/vacuumcleaner01.jpg,,/Stimuli/Scrambled/Slide42S0.JPG,/Stimuli/Scrambled/securitycameraS0.jpg
trumpet,,,,,/Stimuli/ManMade/volleyball.jpg,,/Stimuli/Scrambled/Slide43S0.JPG,/Stimuli/Scrambled/servingspoon01S0.jpg
tuba,,,,,/Stimuli/ManMade/wallclock.jpg,,/Stimuli/Scrambled/Slide44S0.JPG,/Stimuli/Scrambled/sheepS0.jpg
turnstile,,,,,/Stimuli/ManMade/wheelchair.jpg,,/Stimuli/Scrambled/Slide45S0.JPG,/Stimuli/Scrambled/shelfS0.jpg
umbrella,,,,,/Stimuli/ManMade/windmill.jpg,,/Stimuli/Scrambled/Slide46S0.JPG,/Stimuli/Scrambled/shield02S0.jpg
vacuum,,,,,/Stimuli/ManMade/woodencrate01.jpg,,/Stimuli/Scrambled/Slide47S0.JPG,/Stimuli/Scrambled/shovel01S0.jpg
volleyball,,,,,/Stimuli/ManMade/woodenfence.jpg,,/Stimuli/Scrambled/Slide48S0.JPG,/Stimuli/Scrambled/sinkS0.jpg
wheel,,,,,/Stimuli/ManMade/worldmap.jpg,,/Stimuli/Scrambled/Slide49S0.JPG,/Stimuli/Scrambled/skateboardS0.jpg
wheelchair,,,,,/Stimuli/ManMade/xylophone.jpg,,/Stimuli/Scrambled/Slide4S0.JPG,/Stimuli/Scrambled/skihelmet01S0.jpg
windmill,,,,,/Stimuli/ManMade/zipper.jpg,,/Stimuli/Scrambled/Slide50S0.JPG,/Stimuli/Scrambled/skunkS0.jpg
wrench,,,,,/Stimuli/ManMade/cashregister01.jpg,,/Stimuli/Scrambled/Slide51S0.JPG,/Stimuli/Scrambled/sledgehammerS0.jpg
xylophone,,,,,/Stimuli/ManMade/garbagecan02.jpg,,/Stimuli/Scrambled/Slide52S0.JPG,/Stimuli/Scrambled/slugS0.jpg
zipper,,,,,/Stimuli/ManMade/hedgeshears.jpg,,/Stimuli/Scrambled/Slide53S0.JPG,/Stimuli/Scrambled/snowboardS0.jpg
scissors,,,,,/Stimuli/ManMade/jumpercables.jpg,,/Stimuli/Scrambled/Slide54S0.JPG,/Stimuli/Scrambled/snowmanS0.jpg
cables,,,,,/Stimuli/ManMade/nintendods.jpg,,/Stimuli/Scrambled/Slide55S0.JPG,/Stimuli/Scrambled/soccerballS0.jpg
boots,,,,,/Stimuli/ManMade/rainboot.jpg,,/Stimuli/Scrambled/Slide56S0.JPG,/Stimuli/Scrambled/spacerocketS0.jpg
,,,,,,,/Stimuli/Scrambled/Slide57S0.JPG,/Stimuli/Scrambled/spear02S0.jpg
,,,,,,,/Stimuli/Scrambled/Slide58S0.JPG,/Stimuli/Scrambled/squidS0.jpg
,,,,,,,/Stimuli/Scrambled/Slide59S0.JPG,/Stimuli/Scrambled/squirrelS0.jpg
,,,,,,,/Stimuli/Scrambled/Slide5S0.JPG,/Stimuli/Scrambled/stairsS0.jpg
,,,,,,,/Stimuli/Scrambled/Slide60S0.JPG,/Stimuli/Scrambled/statueS0.jpg
,,,,,,,/Stimuli/Scrambled/Slide61S0.JPG,/Stimuli/Scrambled/stool01S0.jpg
,,,,,,,/Stimuli/Scrambled/Slide62S0.JPG,/Stimuli/Scrambled/strapS0.jpg
,,,,,,,/Stimuli/Scrambled/Slide63S0.JPG,/Stimuli/Scrambled/strollerS0.jpg
,,,,,,,/Stimuli/Scrambled/Slide64S0.JPG,/Stimuli/Scrambled/stubbywrench01aS0.jpg
,,,,,,,/Stimuli/Scrambled/Slide65S0.JPG,/Stimuli/Scrambled/suitofarmorS0.jpg
,,,,,,,/Stimuli/Scrambled/Slide66S0.JPG,/Stimuli/Scrambled/swimsuitS0.jpg
,,,,,,,/Stimuli/Scrambled/Slide67S0.JPG,/Stimuli/Scrambled/swingS0.jpg
,,,,,,,/Stimuli/Scrambled/Slide68S0.JPG,/Stimuli/Scrambled/sword01S0.jpg
,,,,,,,/Stimuli/Scrambled/Slide69S0.JPG,/Stimuli/Scrambled/table01S0.jpg
,,,,,,,/Stimuli/Scrambled/Slide6S0.JPG,/Stimuli/Scrambled/tambourine03S0.jpg
,,,,,,,/Stimuli/Scrambled/Slide70S0.JPG,/Stimuli/Scrambled/tankS0.jpg
,,,,,,,/Stimuli/Scrambled/Slide71S0.JPG,/Stimuli/Scrambled/tarantulaS0.jpg
,,,,,,,/Stimuli/Scrambled/Slide72S0.JPG,/Stimuli/Scrambled/telescopeS0.jpg
,,,,,,,/Stimuli/Scrambled/Slide73S0.JPG,/Stimuli/Scrambled/tentS0.jpg
,,,,,,,/Stimuli/Scrambled/Slide74S0.JPG,/Stimuli/Scrambled/tie02S0.jpg
,,,,,,,/Stimuli/Scrambled/Slide75S0.JPG,/Stimuli/Scrambled/tiger02S0.jpg
,,,,,,,/Stimuli/Scrambled/Slide76S0.JPG,/Stimuli/Scrambled/tireS0.jpg
,,,,,,,/Stimuli/Scrambled/Slide77S0.JPG,/Stimuli/Scrambled/toadS0.jpg
,,,,,,,/Stimuli/Scrambled/Slide78S0.JPG,/Stimuli/Scrambled/tombstoneS0.jpg
,,,,,,,/Stimuli/Scrambled/Slide79S0.JPG,/Stimuli/Scrambled/toolbox02S0.jpg
,,,,,,,/Stimuli/Scrambled/Slide7S0.JPG,/Stimuli/Scrambled/tortoise01S0.jpg
,,,,,,,/Stimuli/Scrambled/Slide80S0.JPG,/Stimuli/Scrambled/towerS0.jpg
,,,,,,,/Stimuli/Scrambled/Slide81S0.JPG,/Stimuli/Scrambled/trampolineS0.jpg
,,,,,,,/Stimuli/Scrambled/Slide82S0.JPG,/Stimuli/Scrambled/treadmillS0.jpg
,,,,,,,/Stimuli/Scrambled/Slide83S0.JPG,/Stimuli/Scrambled/tricycleS0.jpg
,,,,,,,/Stimuli/Scrambled/Slide84S0.JPG,/Stimuli/Scrambled/tromboneS0.jpg
,,,,,,,/Stimuli/Scrambled/Slide85S0.JPG,/Stimuli/Scrambled/trophy01S0.jpg
,,,,,,,/Stimuli/Scrambled/Slide86S0.JPG,/Stimuli/Scrambled/trumpetS0.jpg
,,,,,,,/Stimuli/Scrambled/Slide87S0.JPG,/Stimuli/Scrambled/tubaS0.jpg
,,,,,,,/Stimuli/Scrambled/Slide88S0.JPG,/Stimuli/Scrambled/turnstileS0.jpg
,,,,,,,/Stimuli/Scrambled/Slide89S0.JPG,/Stimuli/Scrambled/vacuumcleaner01S0.jpg
,,,,,,,/Stimuli/Scrambled/Slide8S0.JPG,/Stimuli/Scrambled/volleyballS0.jpg
,,,,,,,/Stimuli/Scrambled/Slide90S0.JPG,/Stimuli/Scrambled/vultureS0.jpg
,,,,,,,/Stimuli/Scrambled/Slide91S0.JPG,/Stimuli/Scrambled/wallclockS0.jpg
,,,,,,,/Stimuli/Scrambled/Slide92S0.JPG,/Stimuli/Scrambled/wheelchairS0.jpg
,,,,,,,/Stimuli/Scrambled/Slide93S0.JPG,/Stimuli/Scrambled/windmillS0.jpg
,,,,,,,/Stimuli/Scrambled/Slide94S0.JPG,/Stimuli/Scrambled/woodencrate01S0.jpg
,,,,,,,/Stimuli/Scrambled/Slide95S0.JPG,/Stimuli/Scrambled/woodenfenceS0.jpg
,,,,,,,/Stimuli/Scrambled/Slide96S0.JPG,/Stimuli/Scrambled/worldmapS0.jpg
,,,,,,,/Stimuli/Scrambled/Slide97S0.JPG,/Stimuli/Scrambled/xylophoneS0.jpg
,,,,,,,/Stimuli/Scrambled/Slide98S0.JPG,/Stimuli/Scrambled/zebraS0.jpg
,,,,,,,/Stimuli/Scrambled/Slide99S0.JPG,/Stimuli/Scrambled/zipperS0.jpg
